source,news_headline,description,url,datetime,content
BusinessLine,"Reliance AGM 2024 Highlights: Mukesh Ambani announces 26% efficient bifacial solar panels, 30 GWh battery facility by 2024","Reliance 47th Annual General Meeting Highlights, RIL AGM 2024 Updates: Reliance Industries is shifting towards becoming a deep tech company, as Chairman Mukesh Ambani highlighted during the 47th Annual General Meeting. Emphasizing artificial intelligence as a…",https://www.thehindubusinessline.com/companies/reliance-agm-2024-highlights-ril-47th-annual-general-meeting-news-updates/article68580061.ece,2024-08-29T06:23:24Z,"<li></li>
August 29, 2024 16:13RIL AGM 2024 Live: Mukesh says India needs more companies like Reliance for a prosperous, modern nation by 2047
Mukesh stated, India needs many more companies like Re… [+29846 chars]"
NDTV News,Manu Reveals PM Modi's Words After Tokyo Heartbreak That Lifted Her Spirits,Manu Bhaker reminisced about her interactions with Prime Minister Narendra Modi and offered her perspective on the inspiration he bestows upon athletes.,https://sports.ndtv.com/othersports/manu-bhaker-reveals-pm-narendra-modis-words-after-tokyo-olympics-heartbreak-that-lifted-her-spirits-6442599,2024-08-29T06:19:57Z,"On the occasion of National Sports Day, Indian Olympic medallist pistol shooter Manu Bhaker reminisced about her interactions with Prime Minister Narendra Modi and offered her perspective on the insp… [+1714 chars]"
RT,India to build 12 industrial hubs to boost exports,"The new smart cities will position India as a strong player in the global value chain, New Delhi has said Read Full Article at RT.com",https://www.rt.com/india/603233-india-industrial-smart-cities/,2024-08-29T06:17:48Z,The Indian government on Wednesday approved the creation of 12 industrial smart cities with an investment of around 268 billion rupees ($3.2 billion). They will be built over the next three years acr… [+2533 chars]
Business Standard,"Mandaviya, Zafar Iqbal pay tribute to Dhyan Chand on National Sports Day","Sports Minister Mansukh Mandaviya was joined by hockey legend Zafar Iqbal in paying tribute to Major Dhyan Chand on the National Sports Day here, with the latter also emphasising on the need to focus on disciplines like table tennis and swimming for bigger me…",https://www.business-standard.com/sports/other-sports-news/mandaviya-zafar-iqbal-pay-tribute-to-dhyan-chand-on-national-sports-day-124082900317_1.html,2024-08-29T06:15:34Z,"The birth anniversary of hockey wizard Major Dhyan Chand, who won gold medals in three successive Olympic during the pre-independence era, is celebrated as the National Sports Day
Dhyan Chand
Press… [+4371 chars]"
NDTV News,"""Perform, Reform, Transform, Inform"": PM's Four-Point Mantra For Ministers","Prime Minister Narendra Modi, chairing a marathon meeting with his ministerial colleagues to review the functioning of the government, exhorted them to work without rest and gave a new four-point mantra of ""Perform, Reform, Transform, Inform"".",https://www.ndtv.com/india-news/prime-minister-narendra-modis-four-point-mantra-for-ministers-perform-reform-transform-inform-6440454,2024-08-29T06:03:43Z,"PM Modi specifically spoke to the new Ministers inducted in his Cabinet for the first time.
New Delhi: Prime Minister Narendra Modi, chairing a marathon meeting with his ministerial colleagues to re… [+2203 chars]"
The Times of India,Govt committed to supporting sports: PM Modi on National Sports Day,Prime Minister Narendra Modi paid tribute to hockey legend Major Dhyan Chand on National Sports Day. He emphasized the government's commitment to supporting sports and encouraging youth participation. National Sports Day is observed annually on August 29 to c…,https://economictimes.indiatimes.com/news/sports/govt-committed-to-supporting-sports-pm-modi-on-national-sports-day/articleshow/112885426.cms,2024-08-29T05:19:00Z,"Prime Minister Narendra Modi on Thursday paid homage to hockey legend Major Dhyan Chand on the National Sports Day, and said his government is committed to supporting sports and ensuring more youth a… [+557 chars]"
NDTV News,Ajit Pawar's NCP To Hold Silent Protest Over Shivaji Statue Collapse,"In signs of rumblings within the ruling coalition in Maharashtra months before state polls, the NCP faction led by Deputy Chief Minister Ajit Pawar has condemned the collapse of a statue of Chhatrapati Shivaji and given the call for a silent protest",https://www.ndtv.com/india-news/ajit-pawars-ncp-to-lead-silent-protest-over-shivaji-statue-collapse-6442360,2024-08-29T05:02:57Z,"The protest call by Ajit Pawar's NCP is politically significant ahead of the Maharashtra polls
Mumbai: In signs of rumblings within the ruling coalition in Maharashtra months before state polls, the… [+3102 chars]"
The Times of India,"PM Modi speaks to Gujarat CM Bhupendra Patel, enquires about flood situation and relief measures",Prime Minister Narendra Modi had a telephonic conversation with Gujarat Chief Minister Bhupendra Patel to discuss flooding in the state. Modi sought details on relief measures and offered central government support. The Indian Army and NDRF are involved in re…,https://economictimes.indiatimes.com/news/india/pm-modi-speaks-to-gujarat-cm-bhupendra-patel-enquires-about-flood-situation-and-relief-measures/articleshow/112884510.cms,2024-08-29T04:39:50Z,Gujarat Chief Minister Bhupendra Patel said that Prime Minister Narendra Modi had a telephonic conversation with him on Thursday morning where he enquired about the flood situation and relief measure… [+2183 chars]
NDTV News,"""Very Bad Situation"": Star India Spinner Rescued By NDRF Amid Gujarat Rains",Indian women's cricket team spinner Radha Yadav took to social media to share that she was in a 'very bad situation' due to the flooding in Gujarat.,https://sports.ndtv.com/cricket/very-bad-situation-star-india-spinner-rescued-by-ndrf-amid-gujarat-rains-6441809,2024-08-29T03:04:54Z,"A number of cities in Gujarat faced flood-like situations following heavy showers in the past few days. The situation was quite bad in Vadodara where although the rain did take a pause, low-lying are… [+2336 chars]"
Livemint,"MP Regional Investors Meet: Govt attracts ₹8k crore investment at industry conclave, Adani group to invest 3.5k crore","Industry conclave: The Madhya Pradesh government on attracted a total investment of  ₹8,000 crore at Industry Conclave. The total investment includes  ₹3,500 crore from Adani group",https://www.livemint.com/companies/news/mp-regional-investors-meet-govt-attracts-rs-8k-crore-investment-at-industry-conclave-adani-group-to-invest-3-5k-crore-11724899388295.html,2024-08-29T02:52:51Z,"The Madhya Pradesh government's regional industry conclave on Wednesday attracted investment proposals totalling 8,000 crore across various sectors, including 3,500 crore by Adani Group.
Besides, Re… [+3271 chars]"
Business Standard,"Under fire over Shivaji statue collapse, CM Shinde meets top officials",The incident has caused an acute embarrassment to the Mahayuti government ahead of the assembly polls,https://www.business-standard.com/politics/under-fire-over-shivaji-statue-collapse-cm-shinde-meets-top-officials-124082801524_1.html,2024-08-29T02:10:19Z,Maharashtra Chief Minister Eknath Shinde held a meeting with top state government and Navy officials on late Wednesday night and discussed the collapse of a Chhatrapati Shivaji Maharaj statue in Sind… [+1049 chars]
Statetimes.in,"PM chairs Council of Ministers meet; issues affecting women, poor discussed","STATE TIMES NEWS NEW DELHI: Prime Minister Narendra Modi on Wednesday chaired a meeting of the entire Council of Ministers where issues affecting women and timely delivery of various policy measures figured prominently, sources said.The five-hour meeting, hel…",https://statetimes.in/pm-chairs-council-of-ministers-meet-issues-affecting-women-poor-discussed/,2024-08-29T02:02:43Z,"STATE TIMES NEWS
NEW DELHI: Prime Minister Narendra Modi on Wednesday chaired a meeting of the entire Council of Ministers where issues affecting women and timely delivery of various policy measures… [+1204 chars]"
Statetimes.in,Chugh visits BJP’s election war room in Channi Himmat,STATE TIMES NEWS JAMMU: BJP National General Secretary and Prabhari J&K BJP Tarun Chugh on Wednesday visited the party’s election war room established at Channi Himmat for the ongoing assembly elections in the Union Territory of Jammu and Kashmir.Accompanied …,https://statetimes.in/chugh-visits-bjps-election-war-room-in-channi-himmat/,2024-08-29T02:01:53Z,"STATE TIMES NEWS
JAMMU: BJP National General Secretary and Prabhari J&amp;K BJP Tarun Chugh on Wednesday visited the party’s election war room established at Channi Himmat for the ongoing assembly e… [+3317 chars]"
Statetimes.in,"Govt to set up 12 new industrial cities to boost mfg; outlay Rs 28,602 cr","STATE TIMES NEWS NEW DELHI: The government on Wednesday approved 12 new industrial cities in 10 states on the lines of Greater Noida in Uttar Pradesh and Dholera in Gujarat to boost domestic manufacturing with an estimated investment of Rs 28,602 crore.These …",https://statetimes.in/govt-to-set-up-12-new-industrial-cities-to-boost-mfg-outlay-rs-28602-cr/,2024-08-29T01:56:55Z,"STATE TIMES NEWS
NEW DELHI: The government on Wednesday approved 12 new industrial cities in 10 states on the lines of Greater Noida in Uttar Pradesh and Dholera in Gujarat to boost domestic manufac… [+8188 chars]"
Statetimes.in,"Jan Dhan Yojana not only for financial inclusion, also for socio-economic transformation: Dr Jitendra","STATE TIMES NEWS NEW DELHI: The Pradhan Mantri Jan Dhan Yojana (PMJDY), one of the most transformative initiatives in India’s financial history, today celebrates its 10th anniversary. Launched in 2014 under the visionary leadership of Prime Minister Narendra …",https://statetimes.in/jan-dhan-yojana-not-only-for-financial-inclusion-also-for-socio-economic-transformation-dr-jitendra/,2024-08-29T01:24:33Z,"STATE TIMES NEWS
NEW DELHI: The Pradhan Mantri Jan Dhan Yojana (PMJDY), one of the most transformative initiatives in India’s financial history, today celebrates its 10th anniversary. Launched in 20… [+2011 chars]"
Statetimes.in,Nagrota accords rousing reception to Rana,"STATE TIMES NEWS JAMMU: Thousands of enthusiastic people thronged the residence of Senior BJP leader Devender Singh Rana here on Wednesday to hail his nomination for contesting the upcoming election for the Nagrota Assembly Constituency,Carrying BJP placards …",https://statetimes.in/nagrota-accords-rousing-reception-to-rana/,2024-08-29T01:22:27Z,"STATE TIMES NEWS
JAMMU: Thousands of enthusiastic people thronged the residence of Senior BJP leader Devender Singh Rana here on Wednesday to hail his nomination for contesting the upcoming election… [+2182 chars]"
The Times of India,"Panels set up to probe collapse of Shivaji statue, build new one","The Maharashtra Government has formed a technical committee of engineers, IIT experts, and Navy officials to investigate the collapse of the Shivaji Maharaj statue in Malvan. An FIR has been filed against the contractor for alleged poor construction. Addition…",https://economictimes.indiatimes.com/news/politics-and-nation/panels-set-up-to-probe-collapse-of-shivaji-statue-build-new-one/articleshow/112880878.cms,2024-08-29T01:11:58Z,"Mumbai: Maharashtra Government has set up a technical committee comprising engineers, IIT experts and Navy officials to probe reasons behind the collapse of Shivaji Maharaj statue at Malvan in coasta… [+855 chars]"
Thehillstimes.in,"Centre approves Rs 4,136 cr for 15 GW hydropower projects in NE","NEW DELHI, Aug 28: The Union Cabinet on Wednesday approved equity support of Rs 4,136 crore to northeast states for developing hydropower projects, totalling 15,000 MW capacity over the next eight years. The Cabinet, chaired by Prime Minister Narendra Modi, h…",https://thehillstimes.in/northeast/centre-approves-rs-4136-cr-for-15-gw-hydropower-projects-in-ne,2024-08-29T01:05:00Z,"NEW DELHI, Aug 28: The Union Cabinet on Wednesday approved equity support of Rs 4,136 crore to northeast states for developing hydropower projects, totalling 15,000 MW capacity over the next eight ye… [+2388 chars]"
Business Standard,"Best of BS Opinion: Simplifying GST, trade imbalance, defending status quo",Here is the best of Business Standard's opinion pieces for today,https://www.business-standard.com/opinion/specials/best-of-bs-opinion-simplifying-gst-trade-imbalance-defending-status-quo-124082900005_1.html,2024-08-29T01:00:41Z,"Here is the best of Business Standard's opinion pieces for today
Illustration: BINAY SINHA
Rajesh Kumar
A group of state ministers working on potential changes to the goods and services tax (GST) … [+1339 chars]"
The Times of India,"Counting on you, gave guarantee of development to people: Modi to ministers","During the first Council of Ministers meeting in his third term, Prime Minister Narendra Modi assured continued development at the same speed over the next five years. Secretaries presented blueprints for the future and 2047 ambitions. Modi emphasized the imp…",https://timesofindia.indiatimes.com/india/counting-on-you-gave-guarantee-of-development-to-people-modi-to-ministers/articleshow/112880560.cms,2024-08-29T00:10:42Z,Iswarya Menon stuns gracefully in exquisite traditional sarees
OilPrice.com,Exxon Joins OPEC in Warning of Looming Oil Supply Crisis,"Traders and analysts have been overwhelmingly bearish on oil in the past few months. With a few exceptions, everyone seems to expect dwindling demand and falling prices. Yet it might turn out that the opposite will happen. OPEC has been warning about this for…",https://oilprice.com/Energy/Energy-General/Exxon-Joins-OPEC-in-Warning-of-Looming-Oil-Supply-Crisis.html,2024-08-29T00:00:00Z,"Canada will impose a 100%…
Tesla's price cuts have made…
Indian Prime Minister Narendra Modi…
By Irina Slav - Aug 28, 2024, 7:00 PM CDT
Traders and analysts have been overwhelmingly bearish on oi… [+4824 chars]"
NDTV News,"""How Dare You...?"": Himanta Sarma Slams Mamata Banerjee Over Her Remarks","Assam Chief Minister Himanta Biswa Sharma on Wednesday hit back at West Bengal Chief Minister Mamata Banerjee for her 'If Bengal burns, so will Assam' remark, saying, ""Didi, how dare you threaten Assam?""",https://www.ndtv.com/india-news/kolkata-rape-murder-case-himanta-biswa-sarma-slams-mamata-banerjee-over-her-remarks-6441142,2024-08-28T23:40:32Z,"Assam CM slammed Mamata Banerjee for her Assam remark amid protests against Kolkata rape case.
Kamrup Metropolitan, Assam:  Assam Chief Minister Himanta Biswa Sharma on Wednesday hit back at West Be… [+2898 chars]"
Thehillstimes.in,"Cabinet nod to 2 new lines, multi-tracking project costing Rs 6,456 cr","NEW DELHI, Aug 28: The Cabinet Committee on Economic Affairs, chaired by Prime Minister Narendra Modi, has approved three railway projects with a total estimated cost of Rs 6,456 crore, a statement from the Ministry of Railways said. According to the ministry…",https://thehillstimes.in/national/cabinet-nod-to-2-new-lines-multi-tracking-project-costing-rs-6456-cr,2024-08-28T23:05:00Z,"NEW DELHI, Aug 28: The Cabinet Committee on Economic Affairs, chaired by Prime Minister Narendra Modi, has approved three railway projects with a total estimated cost of Rs 6,456 crore, a statement f… [+2516 chars]"
Vox,"Zelenskyy’s new plan to end the war, explained","Ukraine’s President Volodymyr Zelenskyy announced Tuesday that he has a new plan to end Russia’s years-long war on his country. Zelenskyy has only outlined the plan in broad strokes, but Russian President Vladimir Putin reiterated Wednesday that he’s not inte…",https://www.vox.com/world-politics/369339/ukraine-zelenskyy-russia-putin-war-biden-sanctions-weapons-negotiations,2024-08-28T22:58:00Z,"Ukraines President Volodymyr Zelenskyy announced Tuesday that he has a new plan to end Russias years-long war on his country. Zelenskyy has only outlined the plan in broad strokes, but Russian Presid… [+5061 chars]"
Thehillstimes.in,Pema Khandu hails Union cabinet’s NE power sector aid,"ITANAGAR, Aug 28: Arunachal Pradesh chief minister Pema Khandu on Wednesday praised the Union Cabinet for approving equity support of Rs 4,136 crore to the northeast states for developing hydropower projects, totalling 15,000 MW capacity over the next eight y…",https://thehillstimes.in/northeast/pema-khandu-hails-union-cabinets-ne-power-sector-aid,2024-08-28T22:30:00Z,"ITANAGAR, Aug 28: Arunachal Pradesh chief minister Pema Khandu on Wednesday praised the Union Cabinet for approving equity support of Rs 4,136 crore to the northeast states for developing hydropower … [+1492 chars]"
Foreign Policy,Doctor’s Killing Galvanizes Protest in India,A shocking crime against a trainee in a Kolkata hospital has unleashed national outrage about sexual violence.,https://foreignpolicy.com/2024/08/28/india-doctor-protest-killing-sexual-violence/,2024-08-28T21:30:17Z,"Welcome to Foreign Policys South Asia Brief.Welcome to Foreign Policys South Asia Brief.
The highlights this week: The rape and killing of a trainee doctor in Kolkata triggers mass doctors protests … [+10461 chars]"
The Times of India,Approval for railway projects worth Rs 6.4k cr,"The Cabinet Committee on Economic Affairs, led by Prime Minister Narendra Modi, approved three new railway projects at a cost of ₹6,456 crore. The projects span seven districts in Odisha, Jharkhand, West Bengal, and Chhattisgarh, enhancing Indian Railways by …",https://economictimes.indiatimes.com/news/economy/infrastructure/approval-for-railway-projects-worth-rs-6-4k-cr/articleshow/112876930.cms,2024-08-28T20:25:30Z,"The Cabinet Committee on Economic Affairs, chaired by Prime Minister Narendra Modi, Wednesday approved three railway projects with a total estimated cost of 6,456 crore.The three projects cover seven… [+1403 chars]"
Thehillstimes.in,A decade of financial inclusion: PM Modi hails Jan Dhan Yojana,"NEW DELHI, Aug 28: As the Pradhan Mantri Jan Dhan Yojana completed 10 years, Prime Minister Narendra Modi on Wednesday said the scheme personifies dignity, empowerment and the opportunity to participate in the economic life of the nation. Modi also hailed tho…",https://thehillstimes.in/national/a-decade-of-financial-inclusion-pm-modi-hails-jan-dhan-yojana,2024-08-28T20:25:00Z,"NEW DELHI, Aug 28: As the Pradhan Mantri Jan Dhan Yojana completed 10 years, Prime Minister Narendra Modi on Wednesday said the scheme personifies dignity, empowerment and the opportunity to particip… [+5290 chars]"
NDTV News,BJP Trying To Destabilise Jharkhand Government: Congress Leader,Congress leader Pramod Tiwari has alleged that the BJP was trying to destabilize the Jharkhand government and alleged that the move concerning former state Chief Minister Champai Soren is a step in that direction.,https://www.ndtv.com/india-news/bjp-trying-to-destabilise-jharkhand-government-congress-leader-pramod-tiwari-6440528,2024-08-28T20:20:16Z,New Delhi: Congress leader Pramod Tiwari has alleged that the BJP was trying to destabilize the Jharkhand government and alleged that the move concerning former state Chief Minister Champai Soren is … [+2104 chars]
The Times of India,PM Jan Dhan scheme now serves 531 million,"Pradhan Mantri Jan Dhan Yojana, launched in 2014, has reached 531 million beneficiaries. The scheme helped in distributing welfare funds and provided financial inclusion for women, youth, and marginalized communities",https://economictimes.indiatimes.com/industry/banking/finance/banking/pm-jan-dhan-scheme-now-serves-531-million/articleshow/112876802.cms,2024-08-28T20:06:36Z,"Pradhan Mantri Jan Dhan Yojana, the first major scheme of the NDA government that was launched in 2014, has completed an impressive ten year journey in which it served as the basis for disbursement o… [+1829 chars]"
The Times of India,"If you set Bengal on fire, it will spread to Assam, NE: Mamata","West Bengal Chief Minister Mamata Banerjee announced plans to pass a bill ensuring capital punishment for rapists and blamed Prime Minister Narendra Modi for creating unrest in the state. Junior doctors protested, demanding the removal of the Commissioner of …",https://economictimes.indiatimes.com/news/politics-and-nation/if-you-set-bengal-on-fire-it-will-spread-to-assam-ne-mamata/articleshow/112876798.cms,2024-08-28T20:06:01Z,West Bengal Chief Minister Mamata Banerjee on Wednesday said that she will pass a bill in the state assembly to ensure that rapists get capital punishment. She also blamed Prime Minister Narendra Mod… [+2135 chars]
NDTV News,PM Chairs Council Of Ministers Meet; Discusses Issues Affecting Poor,"Prime Minister Narendra Modi on Wednesday chaired a meeting of the entire Council of Ministers where issues affecting women and timely delivery of various policy measures figured prominently, sources said.",https://www.ndtv.com/india-news/pm-chairs-council-of-ministers-meet-discusses-issues-affecting-women-poor-6440387,2024-08-28T19:38:05Z,"Initiatives taken by the government for the social sector also figured prominently in the meeting.
New Delhi: Prime Minister Narendra Modi on Wednesday chaired a meeting of the entire Council of Min… [+1426 chars]"
Thehillstimes.in,Corruption peaked under Mahayuti govt: Uddhav,"MUMBAI, Aug 28: Shiv Sena (UBT) chief Uddhav Thackeray on Wednesday hit out at the Eknath Shinde-led government over the collapse of Chhatrapati Shivaji Maharaj’s statue, alleging that corruption has peaked under the Mahayuti dispensation. A 35-foot statue of…",https://thehillstimes.in/national/corruption-peaked-under-mahayuti-govt-uddhav,2024-08-28T19:35:00Z,"MUMBAI, Aug 28: Shiv Sena (UBT) chief Uddhav Thackeray on Wednesday hit out at the Eknath Shinde-led government over the collapse of Chhatrapati Shivaji Maharajs statue, alleging that corruption has … [+948 chars]"
Thehillstimes.in,Congress demands PM’s apology over Shivaji’s fallen statue,"NEW DELHI, Aug 28: The Congress on Wednesday hit out at Prime Minister Narendra Modi over the collapse of Chhatrapati Shivaji Maharaj’s statue at Rajkot fort in Sindhudurg and asked whether he will apologise to the Maratha empire founder for putting his own p…",https://thehillstimes.in/national/congress-demands-pms-apology-over-shivajis-fallen-statue,2024-08-28T19:25:00Z,"NEW DELHI, Aug 28: The Congress on Wednesday hit out at Prime Minister Narendra Modi over the collapse of Chhatrapati Shivaji Maharajs statue at Rajkot fort in Sindhudurg and asked whether he will ap… [+1928 chars]"
Thehillstimes.in,Bengal govt will amend existing laws to ensure death penalty to rapists: Mamata,"KOLKATA, Aug 28: Asserting that her government has zero tolerance to incidents of rape, West Bengal Chief Minister Mamata Banerjee on Wednesday said an amendment to existing laws will be passed in the state assembly next week to ensure capital punishment to c…",https://thehillstimes.in/national/bengal-govt-will-amend-existing-laws-to-ensure-death-penalty-to-rapists-mamata,2024-08-28T19:10:00Z,"KOLKATA, Aug 28: Asserting that her government has zero tolerance to incidents of rape, West Bengal Chief Minister Mamata Banerjee on Wednesday said an amendment to existing laws will be passed in th… [+4868 chars]"
Southasiaviews.com,"Centre approves Rs 4,136 cr for 15 GW hydropower projects in Northeast","New Delhi, Aug 28 : The Union Cabinet chaired by the Prime Minister Narendra Modi has approved the proposal of the Ministry of Power for providing Central Financial Assistance (CFA) to the State Governments of NER towards their equity participation for develo…",https://southasiaviews.com/featured/centre-approves-rs-4136-cr-for-15-gw-hydropower-projects-in-northeast/,2024-08-28T18:50:11Z,"New Delhi, Aug 28 : The Union Cabinet chaired by the Prime Minister Narendra Modi has approved the proposal of the Ministry of Power for providing Central Financial Assistance (CFA) to the State Gove… [+3231 chars]"
Business Standard,'Source of inspiration': PM Modi wishes Indian contingent at Paralympics,"Prime Minister Narendra Modi on Wednesday wished the very best to India's contingent at the Paris Paralympics 2024, saying the courage and determination of every athlete are a source of inspiration for the entire nation.
In a post on X, Modi said, ""140 crore …",https://www.business-standard.com/sports/olympics/source-of-inspiration-pm-modi-wishes-indian-contingent-at-paralympics-124082801378_1.html,2024-08-28T18:26:16Z,"In a post on X, Modi said, ""140 crore Indians wish our contingent at the Paris #Paralympics 2024 the very best.""""The courage and determination of every athlete are a source of inspiration for the ent… [+93 chars]"
The Times of India,PMJDY integrates poor into economic mainstream: FM Sitharaman,"PMJDY has completed a decade of implementation. ""Universal and affordable access to formal banking services is essential for achieving financial inclusion and empowerment,"" Sitharaman said in her message on the 10th anniversary of PMJDY.",https://economictimes.indiatimes.com/news/economy/policy/pmjdy-integrates-poor-into-economic-mainstream-fm-sitharaman/articleshow/112875360.cms,2024-08-28T18:11:22Z,"The Pradhan Mantri Jan Dhan Yojana (PMJDY), the world's largest government initiative for financial inclusion, integrates the poor into the economic mainstream and plays a crucial role in the develop… [+2167 chars]"
NDTV News,"29 Dead, More Rain In Store For Gujarat Over Next Two Days: 10 Points","Gujarat, ravaged by rain and flood, has no hope of respite anytime soon, with the met department predicting more showers. The Met office has sent out an alert for very heavy rainfall till August 30.",https://www.ndtv.com/india-news/29-dead-more-rain-in-store-for-gujarat-over-next-two-days-10-points-6439911,2024-08-28T17:43:52Z,"<li>The India Meteorological Department has forecast of extremely heavy rains in isolated parts of districts in Saurashtra on Thursday.
</li><li>With the latest spell, Gujarat has so far received 10… [+1419 chars]"
Slate Magazine,One Reason Why Wars in the Middle East and Ukraine Are Dragging On for So Long,We're seeing the cost of the breakdown of the international system.,https://slate.com/news-and-politics/2024/08/war-ukraine-gaza-ceasefire-international-diplomacy-breakdown.html,2024-08-28T16:52:21Z,"Why do the wars in Ukraine and Gaza grind on, ferociously, relentlessly, with no end in sight and the combatants no closer to victory, as they define it, than they have ever been?
One reason is the … [+7990 chars]"
The Times of India,Will PM Modi apologise to Chhatrapati Shivaji for putting personal ambitions above his legacy: Congress,India News: NEW DELHI: The Congress on Wednesday hit out at Prime Minister Narendra Modi over the collapse of Chhatrapati Shivaji Maharaj's statue at Rajkot fort .,https://timesofindia.indiatimes.com/india/will-pm-modi-apologise-to-chhatrapati-shivaji-for-putting-personal-ambitions-above-his-legacy-congress/articleshow/112873734.cms,2024-08-28T16:17:17Z,8 morning habits that can help sharpen memory
Business Standard,Effective policing required to make India third largest economy: Home secy,"Effective policing, effective law and order, and effective action against crimes and criminals are necessary for India to become the third largest economy in the world, Union Home Secretary Govind Mohan said Wednesday.
Delivering Dr Anandswarup Gupta Memorial…",https://www.business-standard.com/india-news/effective-policing-required-to-make-india-third-largest-economy-home-secy-124082801138_1.html,2024-08-28T16:15:55Z,"During the function, the home secretary released a documentary and a special edition of the Indian Police Journal, BPR&amp;D's flagship publication, both on new criminal laws
The home secretary also… [+3025 chars]"
BusinessLine,BJP’s 12-hour strike partially affects life in West Bengal,"The protesters blocked train tracks, halted buses on national highways and clashed with the police at several places across the State on Wednesday",https://www.thehindubusinessline.com/news/bjps-12-hour-strike-partially-affects-life-in-west-bengal/article68578045.ece,2024-08-28T16:12:32Z,"The 12-hour strike called by the Opposition BJP in West Bengal evoked a mixed response as party workers and protesters blocked train tracks, halted buses on national highways and clashed with the pol… [+2251 chars]"
The Times of India,"Rains claim 19 more lives in Gujarat, toll up to 26; 17,800 evacuated, PM Modi dials CM, assures aid",​​The India Meteorological Department (IMD) has forecast of extremely heavy rains in isolated parts of districts in Saurashtra on Thursday. People stranded in their houses and rooftops in Vadodara city were rescued and relocated to safer places by teams of th…,https://economictimes.indiatimes.com/news/india/rains-claim-19-more-lives-in-gujarat-toll-up-to-26-17800-evacuated-pm-modi-dials-cm-assures-aid/articleshow/112873364.cms,2024-08-28T15:50:30Z,"Rain-related incidents claimed 19 more lives in Gujarat, taking the toll to 26 in three days, while around 17,800 people were evacuated from flood-affected areas as heavy showers lashed parts of the … [+5394 chars]"
Business Standard,"PM Modi chairs PRAGATI meet, reviews projects worth more than Rs 76,500 cr","Prime Minister Narendra Modi on Wednesday chaired a PRAGATI meeting to review the progress of seven key projects, spread across 11 states and Union Territories, having a cumulative worth of around Rs 76,500 crore, his office said.
Prime Minister Modi emphasiz…",https://www.business-standard.com/india-news/pm-modi-chairs-pragati-meet-reviews-projects-worth-more-than-rs-76-500-cr-124082801219_1.html,2024-08-28T15:32:36Z,"PM Modi emphasized the fact that delay in projects not only leads to cost escalation but also deprives the public of the intended benefits of the project
During the interaction, the prime minister a… [+4084 chars]"
RT,Protests over doctor’s rape and murder paralyze Indian state,Prime Minister Narendra Modi’s BJP has called for the chief minister of West Bengal to be sacked Read Full Article at RT.com,https://www.rt.com/india/603214-west-bengal-rape-protests/,2024-08-28T15:27:40Z,"Chaos erupted in eastern India’s West Bengal state on Wednesday, 24 hours after police deployed tear gas and water cannons to disperse protesters who continue to demonstrate over the rape and murder … [+2691 chars]"
The Times of India,"Shivaji Maharaj statue collapse: Facing oppn ire, Kesarkar says his remarks being misinterpreted","Maharashtra minister Deepak Kesarkar stated that his comments on the collapse of Chhatrapati Shivaji's statue were misconstrued and demanded the erection of a 100-foot structure at the same spot. The 35-foot statue, unveiled by PM Modi last year, collapsed re…",https://economictimes.indiatimes.com/news/politics-and-nation/shivaji-maharaj-statue-collapse-facing-oppn-ire-kesarkar-says-his-remarks-being-misinterpreted/articleshow/112872590.cms,2024-08-28T15:14:57Z,"Maharashtra cabinet minister Deepak Kesarkar on Wednesday defended his ""something good may come out of the collapse of Chhatrapati Shivaji's statue"" remarks and demanded the erection of a similar 100… [+1546 chars]"
Al Jazeera English,"Hasina, floods, visas: What’s troubling India-Bangladesh relations?",Bangladesh's opposition demands Sheikh Hasina be extradited from India and tensions sour following her overthrow.,https://www.aljazeera.com/news/2024/8/28/hasina-floods-visas-whats-troubling-india-bangladesh-relations,2024-08-28T15:10:52Z,"Last September, Indian Prime Minister Narendra Modi hosted his Bangladeshi counterpart Sheikh Hasina as a special guest on the margins of the G20 Summit in New Delhi. It was a gesture of warmth towar… [+8728 chars]"
The Times of India,"PM Modi reviews 7 key projects spread across 11 states, UTs worth more than Rs 76,500 crore","Prime Minister Narendra Modi chaired a PRAGATI meeting to review progress on seven major projects worth Rs 76,500 crore across 11 states. Modi highlighted the impact of project delays on public benefits and cost. He also reviewed AMRUT 2.0 and public grievanc…",https://economictimes.indiatimes.com/news/india/pm-modi-reviews-7-key-projects-spread-across-11-states-uts-worth-more-than-rs-76500-crore/articleshow/112872129.cms,2024-08-28T14:53:04Z,"Prime Minister Narendra Modi on Wednesday chaired a PRAGATI meeting to review the progress of seven key projects, spread across 11 states and Union Territories, having a cumulative worth of around Rs… [+3522 chars]"
The Times of India,'Modi ka tairta hua Gujarat model': Congress slams BJP as state deals with flooding crisis,"Gujarat faces severe flooding due to relentless rains, prompting Congress to criticize PM Modi's 'Gujarat Model'. Congress leaders Mallikarjun Kharge and Rahul Gandhi urge for immediate government action. With a rising death toll and thousands evacuated, resc…",https://economictimes.indiatimes.com/news/india/modi-ka-tairta-hua-gujarat-model-congress-slams-bjp-as-state-deals-with-flooding-crisis/articleshow/112871704.cms,2024-08-28T14:48:58Z,"Gujarat is struggling with heavy rains causing severe flooding, leading to criticisms from Congress about the 'Gujarat Model' touted by PM Modi and the BJP government. Congress shared a video on soci… [+2517 chars]"
The Times of India,"3 new rail projects will greatly benefit Odisha, Jharkhand, Bengal, Chhattisgarh: PM Modi","According to the ministry, the projects are result of PM-Gati Shakti National Master Plan for multi-modal connectivity which have been possible through integrated planning and will provide seamless connectivity for movement of people, goods and services.",https://economictimes.indiatimes.com/industry/transportation/railways/3-new-rail-projects-will-greatly-benefit-odisha-jharkhand-bengal-chhattisgarh-pm-modi/articleshow/112871290.cms,2024-08-28T14:03:25Z,"Prime Minister Narendra Modi on Wednesday hailed the Cabinet's decision to approve three railway projects with a total estimated cost of Rs 6,456 crore, saying these will greatly benefit Odisha, Jhar… [+2980 chars]"
NDTV News,Meet Rakshitha Raju: India's 1500m Sensation At Paralympics 2024,"Born with a visual impairment, Rakshitha won gold at the 2022 Asian Para Games.",https://sports.ndtv.com/paralympic-games-2024/meet-rakshitha-raju-indias-1500m-sensation-at-paris-paralympics-2024-6438129,2024-08-28T14:01:25Z,"Rakshitha Raju, a visually impaired athlete from Chikkamagaluru, Karnataka, has been selected for the Paralympics 2024. She will be competing in the Women's 1500m Running T-11 Category, making histor… [+1881 chars]"
Pew Research Center,Many around the globe say it’s important their leader stands up for people’s religious beliefs,"Adults in Indonesia, Bangladesh and the Philippines are the most likely to say it is important to have a leader who stands up for people with their religious beliefs.
The post Many around the globe say it’s important their leader stands up for people’s religi…",http://www.pewresearch.org/short-reads/2024/08/28/many-around-the-globe-say-its-important-their-leader-stands-up-for-peoples-religious-beliefs/,2024-08-28T13:53:22Z,"Indian Prime Minister Narendra Modi carries holy water from the Ganges River to offer prayers as he arrives to inaugurate the Kashi Vishwanath Dham Corridor in Varanasi on Dec. 13, 2021. (Sanjay Kano… [+10231 chars]"
The Times of India,Effective policing necessary to become third largest economy: Home Secretary Govind Mohan,Union Home Secretary Govind Mohan emphasised the need for effective policing and modern law enforcement to bolster India's economic growth. He praised the Bureau of Police Research and Development for its role in modernising the police force and mentioned the…,https://economictimes.indiatimes.com/news/india/effective-policing-necessary-to-become-third-largest-economy-home-secretary-govind-mohan/articleshow/112870997.cms,2024-08-28T13:50:23Z,"Effective policing, effective law and order, and effective action against crimes and criminals are necessary for India to become the third largest economy in the world, Union Home Secretary Govind Mo… [+2455 chars]"
Business Standard,Union Cabinet approves 730 private radio FM channels for 234 cities,"Move to boost local content in mother tongue and create new employment opportunities, says government. New areas covered include many aspirational districts, left-wing affected and border areas",https://www.business-standard.com/india-news/union-cabinet-approves-730-private-radio-fm-channels-for-234-cities-124082800928_1.html,2024-08-28T13:47:58Z,The Union Cabinet on Wednesday (August 28) approved a proposal to hold the third batch of ascending e-auctions for 730 channels in 234 new cities under Private FM Radio Phase III Policy. The estimate… [+1795 chars]
BusinessLine,Cabinet approves e-auction to roll out FM Radio stations in 234 new cities,"Cabinet approves expansion of FM Radio to 234 cities, boosting local content and employment opportunities, with revised licensing fee.",https://www.thehindubusinessline.com/economy/cabinet-approves-e-auction-to-roll-out-fm-radio-stations-in-234-new-cities/article68577163.ece,2024-08-28T13:27:17Z,The Cabinet on Wednesday approve the third batch of ascending e-auctions for 730 channels in 234 new cities with estimated reserve price of 784.87 crore. This will enable expansion of FM Radio in the… [+2371 chars]
Syllad.com,"Union Cabinet approves Rs 4,136 cr for 15 GW hydropower projects in Northeast","The Union Cabinet on Wednesday approved equity support of Rs 4,136 crore to northeastern states for developing hydropower projects, totalling 15,000 MW capacity over the next eight years. A meeting of the Cabinet chaired by Prime Minister Narendra Modi has ap…",https://www.syllad.com/union-cabinet-approves-rs-4136-cr-for-15-gw-hydropower-projects-in-northeast/,2024-08-28T13:24:00Z,"Syllad
The Rising Meghalaya
<li></li><li>
Container Box with Title and Links
Personal interview dates released by MPSC for PHE, PWD and Social Welfare posts
- Click 
 JHADC announces eligible c… [+415 chars]"
The Times of India,"Shivaji Maharaj statue collapse tragic, no need to play politics over it: Devendra Fadnavis","Maharashtra Deputy Chief Minister Devendra Fadnavis has urged not to politicise the collapse of the Chhatrapati Shivaji Maharaj statue in Sindhudurg district. A thorough investigation is underway, and the Navy is involved in the probe. The statue, unveiled la…",https://economictimes.indiatimes.com/news/politics-and-nation/shivaji-maharaj-statue-collapse-tragic-no-need-to-play-politics-over-it-devendra-fadnavis/articleshow/112870014.cms,2024-08-28T13:02:52Z,"The collapse of the Chhatrapati Shivaji Maharaj statue is a tragic event and there is no need to indulge in politics over it, said Maharashtra Deputy Chief Minister Devendra Fadnavis on Wednesday. Du… [+1834 chars]"
NDTV News,"""Will Promote Merit In Sports"": President Murmu On India Hosting Olympics",President Droupadi Murmu feels that India's ambitious bid to host the 2036 Olympics is a step in the right direction as it would not just inspire people but also promote meritocracy in the country's sporting landscape.,https://sports.ndtv.com/othersports/will-promote-merit-in-sports-president-droupadi-murmu-on-india-hosting-2036-olympics-6436991,2024-08-28T12:50:51Z,President Droupadi Murmu feels that India's ambitious bid to host the 2036 Olympics is a step in the right direction as it would not just inspire people but also promote meritocracy in the country's … [+1722 chars]
The Times of India,"Mamata Banerjee warns PM Modi: 'If Bengal burns, Assam, Bihar, Jharkhand… even Delhi will burn'",West Bengal Chief Minister Mamata Banerjee said on Wednesday that she will pass a bill in ten days in the West Bengal assembly to ensure capital punishment for rapists. Banerjee also blamed Prime Minister Narendra Modi for using his party to create trouble in…,https://economictimes.indiatimes.com/news/politics-and-nation/mamata-banerjee-warns-pm-modi-if-bengal-burns-assam-bihar-jharkhand-even-delhi-will-burn/videoshow/112869196.cms,2024-08-28T12:32:41Z,West Bengal Chief Minister Mamata Banerjee said on Wednesday that she will pass a bill in ten days in the West Bengal assembly to ensure capital punishment for rapists. Banerjee also blamed Prime Min… [+942 chars]
OilPrice.com,China’s Oil Giant CNOOC Books Record-High Profit as Output Jumps,"China’s state-held oil and gas giant CNOOC reported on Wednesday a record-high net profit for the first half of 2024, pushed up by an all-time high oil and gas production and rising oil prices. CNOOC, which specializes in offshore oil and gas developments in …",https://oilprice.com/Latest-Energy-News/World-News/Chinas-Oil-Giant-CNOOC-Books-Record-High-Profit-as-Output-Jumps.html,2024-08-28T12:30:00Z,"Oil prices climbed dramatically on…
Indian Prime Minister Narendra Modi…
By Tsvetana Paraskova - Aug 28, 2024, 7:30 AM CDTChina’s state-held oil and gas giant CNOOC reported on Wednesday a record-h… [+1971 chars]"
The Times of India,"National Sports Day 2024: Theme, date, and significance in India","National Sports Day is celebrated annually on August 29th in India, marking the birth anniversary of Major Dhyan Chand. This day emphasizes the importance of sports and physical activities and serves to honor Major Dhyan Chand's legacy in Indian hockey. Vario…",https://economictimes.indiatimes.com/news/sports/national-sports-day-2024-theme-date-and-significance-in-india/articleshow/112868355.cms,2024-08-28T12:21:54Z,"National Sports Day in India is celebrated annually on August 29th to honor Major Dhyan Chand, a legendary hockey player. This day marks his birth anniversary and underscores the importance of sports… [+3609 chars]"
RT,No prospect of peace talks with ‘Kiev regime’ – Kremlin,Kremlin spokesman Dmitry Peskov has denied that Moscow and Kiev could hold peace talks anytime soon Read Full Article at RT.com,https://www.rt.com/russia/603200-peskov-peace-talks-modi/,2024-08-28T12:11:43Z,"Moscow does not see a way to hold peace talks with Ukraine, Kremlin spokesman Dmitry Peskov told journalists on Wednesday, commenting on the recent trip to Kiev by Indian Prime Minister Narendra Modi… [+1629 chars]"
The Times of India,"RSS chief Mohan Bhagwat's security upgraded to ASL protocol, aligning with PM Modi, Amit Shah","RSS chief Mohan Bhagwat's security has been upgraded to Advanced Security Liaison (ASL) protocol, similar to PM Modi and Home Minister Amit Shah. This decision by the Ministry of Home Affairs follows a review of his security during visits to non-BJP states, i…",https://economictimes.indiatimes.com/news/india/rss-chief-mohan-bhagwats-security-upgraded-to-asl-protocol-aligning-with-pm-modi-amit-shah/articleshow/112868080.cms,2024-08-28T11:58:41Z,"RSS chief Mohan Bhagwat's security has been upgraded from Z-plus to an Advanced Security Liaison (ASL) protocol, reported TOI. It now aligns with that of Prime Minister Narendra Modi and Home Ministe… [+969 chars]"
Business Standard,Centre approves expansion of Agricultural Infrastructure Fund scheme,"The government on Wednesday expanded the scope of Rs 1 lakh crore-Agricultural Infrastructure Fund (AIF) scheme to make it more attractive, as part of its objective to strengthen farm-related infrastructure facilities in the country.
The Union Cabinet, chaire…",https://www.business-standard.com/industry/agriculture/centre-approves-expansion-of-agricultural-infrastructure-fund-scheme-124082800836_1.html,2024-08-28T11:57:22Z,"The government has allowed all eligible beneficiaries of the scheme for creation of infrastructure covered under 'viable projects for building community farming assets'
Infrastructure projects sanct… [+4030 chars]"
NDTV News,'30 Crore Women Have Benefitted': PM Celebrates 10 Years Of Jan Dhan Yojana,"Prime Minister Narendra Modi on Wednesday hailed the enormous success of the Jan Dhan Yojana, as he lauded the contribution of those who contributed to its remarkable and spectacular journey in the past 10 years.",https://www.ndtv.com/india-news/30-crore-women-have-benefitted-pm-modi-celebrates-10-years-of-jan-dhan-yojana-6437294,2024-08-28T11:56:02Z,"PM Modi reflected on the challenges that existed in opening bank accounts before 2014 (File)
New Delhi: Prime Minister Narendra Modi on Wednesday hailed the enormous success of the Jan Dhan Yojana, … [+3495 chars]"
Project Syndicate,Do Political Leaders Deserve a Break?,"While some object to the idea of elected officials going on vacation, studies have consistently shown that regular breaks are critical for effective decision-making. But the last thing voters want to see, especially when asked to tighten their belts, is their…",https://www.project-syndicate.org/commentary/vacations-can-improve-political-leaders-decision-making-by-ngaire-woods-2024-08,2024-08-28T11:49:11Z,"While some object to the idea of elected officials going on vacation, studies have consistently shown that regular breaks are critical for effective decision-making. But the last thing voters want to… [+5363 chars]"
Project Syndicate,¿Tienen los políticos derecho a tomarse vacaciones?,Project Syndicate - The World’s Opinion Page,https://www.project-syndicate.org/commentary/vacations-can-improve-political-leaders-decision-making-by-ngaire-woods-2024-08/spanish,2024-08-28T11:49:11Z,"OXFORD Ahora que en el hemisferio norte el verano se despide y la gente vuelve al trabajo, muchos dirigentes políticos se van de vacaciones, con el argumento de que los ayuda a recargarse y funcionar… [+6000 chars]"
Business Standard,"Centre approves Rs 4,136 cr for 15 GW hydropower projects in Northeast","The Union Cabinet on Wednesday approved equity support of Rs 4,136 crore to northeast states for developing hydropower projects, totalling 15,000 MW capacity over the next eight years.
The Cabinet, chaired by Prime Minister Narendra Modi, has approved the pro…",https://www.business-standard.com/india-news/centre-approves-rs-4-136-cr-for-15-gw-hydropower-projects-in-northeast-124082800793_1.html,2024-08-28T11:13:07Z,"A cumulative hydro capacity of about 15,000 MW would be supported under the scheme
The cap of Rs 750 crore for each project would be revisited, if required, on a case-to-case basis. | Photo: PTI
Pr… [+2897 chars]"
Business Today,10 years of Pradhan Mantri Jan Dhan Yojana: 57% account holders are women,"Of the 531.3 million accounts opened in 10 years under the scheme, women account holders comprise 295.6 million",https://www.businesstoday.in/latest/economy/story/10-years-of-pradhan-mantri-jan-dhan-yojana-57-account-holders-are-women-443344-2024-08-28,2024-08-28T11:10:00Z,"Nearly 57% of account holders under the Pradhan Mantri Jan Dhan Yojana are women, indicating greater financial empowerment of women.
According to the latest data shared by the Union finance ministry… [+1805 chars]"
Business Standard,"Cabinet nod to Rs 6,456 cr multi-tracking project, two new lines across IR","The Cabinet Committee on Economic Affairs, chaired by Prime Minister Narendra Modi, has approved three railway projects with a total estimated cost of Rs 6,456 crore, a statement from the Ministry of Railways said.
According to the ministry, the approved proj…",https://www.business-standard.com/india-news/cabinet-nod-to-rs-6-456-cr-multi-tracking-project-two-new-lines-across-ir-124082800799_1.html,2024-08-28T11:07:06Z,"The new line proposals will provide direct connectivity and improve mobility, providing enhanced efficiency and service reliability for the Indian Railways
Representative Image (Photo: PTI)
Press T… [+3022 chars]"
Business Standard,"Uttarakhand to implement Uniform Civil Code by November 9, says CM Dhami","Uttarakhand Uniform Civil Code: Chief Minister Pushkar Singh Dhami announced that the government will implement the Uniform Civil Code (UCC) in Uttarakhand by November 9, which is the state's foundation day",https://www.business-standard.com/india-news/uttarakhand-to-implement-uniform-civil-code-by-november-9-says-cm-dhami-124082800771_1.html,2024-08-28T10:44:26Z,"Chief Minister Pushkar Singh Dhami announced that the government will implement the Uniform Civil Code (UCC) in Uttarakhand by November 9, which is the state's foundation day
Uttarakhand Chief Minis… [+2370 chars]"
The Irish Times,Russia dismisses Zelenskiy’s talk of plan to end war and says it will keep fighting,Ukrainian drones set several oil tanks on fire at an oil depot in Russia’s Rostov oblast,https://www.irishtimes.com/world/europe/2024/08/28/ukraine-russia-war-latest/,2024-08-28T10:36:16Z,The Kremlin on Wednesday dismissed talk by Ukrainian president Volodymyr Zelenskiy about a plan he has to end the war and said Russia would continue what it calls its special military operation in Uk… [+2024 chars]
The Times of India,"Kerala CM Pinarayi Vijayan calls on PM, discusses rehab plans","Kerala Chief Minister Pinarayi Vijayan met Prime Minister Narendra Modi in Delhi to discuss the rehabilitation plans for Wayanad after deadly landslides. The CM requested Rs 2,000 crore in financial assistance from the Centre and submitted a detailed memorand…",https://timesofindia.indiatimes.com/city/thiruvananthapuram/kerala-cm-pinarayi-vijayan-calls-on-pm-discusses-rehab-plans/articleshow/112865022.cms,2024-08-28T10:29:58Z,From black tiger to spotted zebra: 8 rare animals in the world
Lse.ac.uk,Why doesn’t the BJP face greater resistance from lower castes in Gujarat? Part 2,"Desai, Manali and Roy, Indrajit (2013) Why doesn’t the BJP face greater resistance from lower castes in Gujarat? Part 2. (13 Mar 2013). Website.",http://eprints.lse.ac.uk/125242/,2024-08-28T10:29:19Z,"Desai, Manali and Roy, Indrajit 
(2013)
Why doesnt the BJP face greater resistance from lower castes in Gujarat? Part 2.
(13 Mar 2013).
Website.
In Part 1 of this post, LSEs Dr Manali Desai (Dep… [+506 chars]"
The Times of India,"Cabinet Briefing Highlights: 12 industrial smart cities to new railway corridors, here are the key decisions","The Union Cabinet led by PM Modi has approved the development of 12 Industrial Smart Cities under the National Industrial Corridor Development Programme. The cabinet also allowed expansion of the Agricultural Infrastructure Fund, announced three new railway p…",https://economictimes.indiatimes.com/news/economy/policy/cabinet-briefing-highlights-12-industrial-smart-cities-to-new-railway-corridors-here-are-the-key-decisions/articleshow/112864180.cms,2024-08-28T10:09:38Z,Prime Minister Narendra Modi-led Union Cabinet on Wednesday gave approval to some of the major projects with the aim to boost infrastructure and employment opportunities in the country. While briefin… [+6156 chars]
The Punch,Political rivalry ignites violence in Indian rape protests,"Thousands of protesters clashed in India’s eastern city of Kolkata on Wednesday, where demonstrations seeking justice for a murdered doctor spiralled into violent street skirmishes between political rivals. The discovery of the 31-year-old doctor’s bloodied b…",https://punchng.com/political-rivalry-ignites-violence-in-indian-rape-protests/,2024-08-28T10:07:40Z,"Thousands of protesters clashed in India’s eastern city of Kolkata on Wednesday, where demonstrations seeking justice for a murdered doctor spiralled into violent street skirmishes between political … [+2949 chars]"
The Times of India,"Cabinet approves Rs 4,136 cr equity support to northeast states for hydropower development","On Wednesday, the Union Cabinet, led by Prime Minister Narendra Modi, approved Rs 4,136 crore in equity support for hydropower development in northeast India. The scheme, running from FY 2024-25 to FY 2031-32, aims to support around 15,000 MW of hydro capacit…",https://economictimes.indiatimes.com/news/economy/policy/cabinet-approves-rs-4136-cr-equity-support-to-northeast-states-for-hydropower-development/articleshow/112864113.cms,2024-08-28T10:07:38Z,"The Union Cabinet, chaired by the Prime Minister Narendra Modi on Wednesday gave nod to Rs 4,136 crore equity support to northeast states for hydropower development.""This scheme has an outlay of Rs. … [+1678 chars]"
Crypto Briefing,India’s central bank proposes ‘plug-and-play’ CBDC framework for cross-border transactions,"India's proposed CBDC framework could significantly enhance global financial integration and efficiency in cross-border transactions.
The post India’s central bank proposes ‘plug-and-play’ CBDC framework for cross-border transactions appeared first on Crypto …",https://cryptobriefing.com/rbi-cbdc-interoperability-system/,2024-08-28T10:05:30Z,"Key Takeaways
<ul><li>RBI's new CBDC system aims to enhance global payment efficiency.</li><li>Interoperability is a core feature of RBI's proposed CBDC framework.</li></ul>
Share this article
The… [+2415 chars]"
Yahoo Entertainment,"Kremlin, dismissing Zelenskiy's talk of plan to end war, says Russia will keep fighting",The Kremlin on Wednesday dismissed talk by Ukrainian President Volodymyr Zelenskiy about a plan he has to end the war and said Russia would continue what it ...,https://www.yahoo.com/news/kremlin-dismissing-zelenskiys-talk-plan-100107758.html,2024-08-28T10:01:07Z,"MOSCOW (Reuters) - The Kremlin on Wednesday dismissed talk by Ukrainian President Volodymyr Zelenskiy about a plan he has to end the war and said Russia would continue what it calls its ""special mili… [+1576 chars]"
The Times of India,Cabinet approves expansion of Agri Infra Fund,"The Union Cabinet, led by Prime Minister Narendra Modi, has approved the expansion of the Agricultural Infrastructure Fund (AIF). The initiative aims to bolster agricultural infrastructure, support viable community farming assets, include integrated processin…",https://economictimes.indiatimes.com/news/economy/agriculture/cabinet-approves-expansion-of-agri-infra-fund/articleshow/112863955.cms,2024-08-28T09:55:16Z,Union Cabinet chaired by Prime Minister Narendra Modi on Wednesday approved the expansion of Agricultural Infrastructure Fund (AIF).To enhance and strengthen the agricultural infrastructure in the co… [+1326 chars]
The Times of India,"Cabinet approves 3 railway projects worth Rs 6,456 cr","On Wednesday, the Union Cabinet approved three railway projects valued at Rs 6,456 crore. These projects, spanning Odisha, Jharkhand, West Bengal, and Chhattisgarh, will expand the Indian Railways network by approximately 300 kilometers. They include the cons…",https://economictimes.indiatimes.com/industry/transportation/railways/cabinet-gives-nod-to-3-railway-projects-worth-rs-6456-cr/articleshow/112863828.cms,2024-08-28T09:50:37Z,"The Union Cabinet, chaired by the Prime Minister Narendra Modi on Wednesday approved 3 railway projects worth Rs 6,456 crore.The three projects covering 7 Districts in 4 States i.e., Odisha, Jharkhan… [+1046 chars]"
NDTV News,"""12 New Smart Cities, 10 Lakh New Jobs"": Ashwini Vaishnaw","The cabinet has decided to build 12 industrial smart cities across the country, Union minister Ashwini Vaishnaw announced today .The government has earmarked Rs 28,602 crore for this big push on manufacturing, the minister said.",https://www.ndtv.com/india-news/12-new-smart-cities-10-lakh-new-jobs-ashwini-vaishnaw-on-cabinet-decisions-6436159,2024-08-28T09:40:06Z,"New Delhi: The cabinet has greenlighted a mega project to build 12 industrial smart cities across the 10 states, Union minister Ashwini Vaishnaw announced today. The cities will come up along six maj… [+1486 chars]"
Biztoc.com,India's refusal to take a side in the Ukraine war is frustrating the West. But it has its reasons,"Indian PM Narendra Modi hugs Ukraine's President Volodymyr Zelenskyy. Modi has exchanged warm words with both Ukraine's and Russia's leaders.
Global Images Ukraine via Getty Images
Despite pressure from Western allies, India has refused to isolate Russia over…",https://biztoc.com/x/12ed94e9e56f2add,2024-08-28T09:38:51Z,Indian PM Narendra Modi hugs Ukraine's President Volodymyr Zelenskyy. Modi has exchanged warm words with both Ukraine's and Russia's leaders.Global Images Ukraine via Getty ImagesDespite pressure fro… [+138 chars]
Business Standard,"Foundations laid by PMJDY strong, have even more work to do, says PM Modi",He further added that the life journeys of those who have benefited from this scheme (PMJDY) are very touching and inspiring,https://www.business-standard.com/india-news/foundations-laid-by-pmjdy-strong-have-even-more-work-to-do-says-pm-modi-124082800666_1.html,2024-08-28T09:37:19Z,"He further added that the life journeys of those who have benefited from this scheme (PMJDY) are very touching and inspiring
Over 65 per cent of the accounts are in rural or semi-urban areas, extend… [+3885 chars]"
Business Insider,India's refusal to take a side in the Ukraine war is frustrating the West. But it has its reasons.,"India's stance on the Ukraine war highlights its strategic balancing act, with Narendra Modi playing nice with both Russia and the West.",https://www.businessinsider.com/india-refusing-take-sides-ukraine-reasons-modi-putin-zelenskyy-russia-2024-8,2024-08-28T09:33:54Z,"Indian PM Narendra Modi hugs Ukraine's President Volodymyr Zelenskyy. Modi has exchanged warm words with both Ukraine's and Russia's leaders.Global Images Ukraine via Getty Images
<ul><li>Despite pr… [+5168 chars]"
Livemint,Jacks of all trades: India’s bureaucracy needs experts,"India erred by rolling back its lateral entry attempt. The Indian state has too few senior officers and a small cadre of IAS generalists are empowered to make every decision that matters, even as the problems they face grow ever more complex.",https://www.livemint.com/opinion/online-views/ias-indian-administrative-service-lateral-entry-indian-bureaucracy-subject-experts-civil-service-evs-semiconductors-11724788286496.html,2024-08-28T09:30:01Z,"An old joke in Indian policy circles is that whatever the problem of governance or administration being discussed, you always wind up with the same constraint: a lack of state capacity. The Indian st… [+4541 chars]"
The Times of India,Uniform Civil Code to be implemented in Uttarakhand before Nov 9: CM Dhami,"Uttarakhand Chief Minister Pushkar Singh Dhami announced that the Uniform Civil Code (UCC) will be implemented in the state before November 9, the foundation day of Uttarakhand. The UCC aims to establish a uniform set of personal laws for all citizens. The bi…",https://economictimes.indiatimes.com/news/india/uniform-civil-code-to-be-implemented-in-uttarakhand-before-nov-9-cm-dhami/articleshow/112862260.cms,2024-08-28T09:05:03Z,"Dehradun: Chief Minister Pushkar Singh Dhami on Wednesday said that the government has resolved to implement the Uniform Civil Code (UCC) in the state before November 9, the foundation day of the Utt… [+2117 chars]"
Business Standard,"Gujarat floods: Kharge, Rahul urge govt to provide all possible assistance","Congress president Mallikarjun Kharge and Leader of Opposition in the Lok Sabha Rahul Gandhi on Wednesday expressed concern over the flood situation in Gujarat and urged the government to take all necessary steps to reduce the impact of the natural calamity.
…",https://www.business-standard.com/politics/gujarat-floods-kharge-rahul-urge-govt-to-provide-all-possible-assistance-124082800503_1.html,2024-08-28T08:53:28Z,"Gandhi said the flood situation in Gujarat is getting more severe day by day
A total of nine persons died in rain-related incidents, such as collapse of walls and drowning, in different parts of the… [+3538 chars]"
The Times of India,"Mamata Banerjee pledges capital punishment for rapists in new bill, blames PM Modi for Bengal unrest",West Bengal Chief Minister Mamata Banerjee will introduce a bill in the state assembly within ten days to ensure capital punishment for rapists. She criticized Prime Minister Narendra Modi for creating unrest in Bengal and called for stricter laws for women's…,https://economictimes.indiatimes.com/news/politics-and-nation/mamata-banerjee-pledges-capital-punishment-for-rapists-in-new-bill-blames-pm-modi-for-bengal-unrest/articleshow/112861458.cms,2024-08-28T08:38:00Z,West Bengal Chief Minister Mamata Banerjee said on Wednesday that she will pass a bill in ten days in the West Bengal assembly to ensure capital punishment for rapists. Banerjee also blamed Prime Min… [+2620 chars]
Gadgets360.com,ISRO Chief S Somanath Expects Budget Requirement to Grow by Up to 30 Percent in Coming Years,"The government has allotted nearly 130 billion rupees ($1.55 billion) to India's space department this year. Asked how much he expected funding to increase,ISRO chief Somanath said ""something like an additional 20-30%"", though ""over a long period of time"".",https://www.gadgets360.com/science/news/isro-chief-s-somanath-expects-budget-requirement-growth-coming-years-6435346,2024-08-28T08:23:25Z,"India's space agency expects a 20 percent-30 percent increase in its budget in the coming years, its head said in a Reuters NEXT Newsmaker interview on Tuesday, describing the agency's rocket launch … [+2670 chars]"
The Times of India,"Gujarat floods: Kharge, Rahul urge govt to provide all possible assistance","Congress leaders Mallikarjun Kharge and Rahul Gandhi have voiced deep concern over Gujarat’s worsening flood crisis, urging the government to ramp up relief efforts. With rains persisting for a fourth day, the death toll has reached 16 and over 8,500 people h…",https://economictimes.indiatimes.com/news/india/gujarat-floods-kharge-rahul-urge-govt-to-provide-all-possible-assistance/articleshow/112861134.cms,2024-08-28T08:23:11Z,Congress president Mallikarjun Kharge and Leader of Opposition in the Lok Sabha Rahul Gandhi on Wednesday expressed concern over the flood situation in Gujarat and urged the government to take all ne… [+2682 chars]
Business Standard,Bengal failed to implement schemes to deal with crimes against women: WCD,"Amid uproar over the rape of a doctor in West Bengal, Union minister Annapurna Devi has said the situation of women in the state has been ""deteriorating"" and slammed the Mamata Banerjee government for failing to implement central government schemes such as fa…",https://www.business-standard.com/politics/bengal-failed-to-implement-schemes-to-deal-with-crimes-against-women-wcd-124082800404_1.html,2024-08-28T08:13:38Z,"It is ironic that it is the only state in the country that has a woman chief minister and still the situation of women in the state is deteriorating, Women and Child Development minister Devi told PT… [+3619 chars]"
The Times of India,Ukraine's Zelenskyy will pitch plan to Biden to force Putin to end war,Ukraine's President Zelenskyy expressed that the ongoing war with Russia would eventually be resolved through dialogue. Kyiv aims to be in a strong position and has a strategic plan involving economic and diplomatic steps. Zelenskyy seeks to present the plan …,https://economictimes.indiatimes.com/news/defence/ukraines-zelenskyy-will-pitch-plan-to-biden-to-force-putin-to-end-war/articleshow/112860705.cms,2024-08-28T08:09:17Z,"Ukraine's Volodymyr Zelenskyy said on Tuesday that the war with Russia would eventually end in dialogue, but that Kyiv had to be in a strong position and that he would present a plan to U.S. Presiden… [+3112 chars]"
Bangkok Post,"Protesters block train tracks, buses in India over doctor's rape, murder","<p>KOLKATA - Protesters blocked train tracks, stopped buses and shouted slogans in the eastern Indian state of West Bengal on Wednesday, the latest in a series of <strong>protests</strong> that have rocked the state since the <strong>rape</strong> and <strong…",https://www.bangkokpost.com/world/2855326/bjp-bengal-strike-protesters-block-train-tracks-buses-in-eastern-india,2024-08-28T07:52:00Z,"KOLKATA - Protesters blocked train tracks, stopped buses and shouted slogans in the eastern Indian state of West Bengal on Wednesday, the latest in a series of protests that have rocked the state sin… [+1374 chars]"
NDTV News,"National Sports Day 2024: Date, History And Significance",National Sports Day: It is observed on August 29 every year. The day highlights the importance of sports and physical activities for overall health,https://www.ndtv.com/offbeat/national-sports-day-2024-date-history-and-significance-6435213,2024-08-28T07:27:30Z,"National Sports Day 2024: It marks the birth anniversary of hockey legend Major Dhyan Chand.
National Sports Day is observed on August 29 every year. Sports are an integral part of life. These activ… [+2126 chars]"
Business Standard,Collapsed Sindhudurg Shivaji statue artist booked for attempt to murder,"The statue of the 17th century Maratha empire founder, located at the Rajkot Fort in Sindhudurg, came crashing down on Monday, after just months of being inaugurated by Prime Minister Narendra Modi",https://www.business-standard.com/india-news/collapsed-sindhudurg-shivaji-statue-artist-booked-for-attempt-to-murder-124082800298_1.html,2024-08-28T07:15:07Z,"The statue of the 17th century Maratha empire founder, located at the Rajkot Fort in Sindhudurg, came crashing down on Monday, after just months of being inaugurated by Prime Minister Narendra Modi
… [+2130 chars]"
The Times of India,West Bengal failed to implement Centre's schemes to deal with crimes against women: WCD minister,"Union minister Annapurna Devi has criticized the Mamata Banerjee government, alleging that the situation of women in West Bengal is “deteriorating.” The remarks came amid public outrage over the rape of a doctor in the state. Devi accused the state government…",https://economictimes.indiatimes.com/news/politics-and-nation/west-bengal-failed-to-implement-centres-schemes-to-deal-with-crimes-against-women-wcd-minister/articleshow/112858403.cms,2024-08-28T07:01:15Z,"New Delhi: Amid uproar over the rape of a doctor in West Bengal, Union minister Annapurna Devi has said the situation of women in the state has been ""deteriorating"" and slammed the Mamata Banerjee go… [+2964 chars]"
BusinessLine,"PMJDY is paramount in boosting financial inclusion, says PM Modi","PM Modi and FM Sitharaman praise PMJDY for boosting financial inclusion, empowering marginalized communities, and transforming banking landscape.",https://www.thehindubusinessline.com/economy/pmjdy-is-paramount-in-boosting-financial-inclusion-says-pm-modi/article68575554.ece,2024-08-28T06:39:25Z,"Prime Minister Narendra Modi on Wednesday said that Pradhan Mantri Jan Dhan Yojana (PMJDY) has given dignity to crore of people. Echoing the same sentiment, Finance Minister Nirmala Sitharaman says t… [+3419 chars]"
The Times of India,PM Modi in US on September 22; to address diaspora in New York,"Prime Minister Narendra Modi will address the Indian diaspora on September 22 in New York at the 'Modi & US Progress Together' event. Organized by the Indo-American Community of USA, the event has seen 24,000 registrations despite a venue capacity of 15,000. …",https://economictimes.indiatimes.com/news/india/pm-modi-in-us-on-september-22-to-address-diaspora-in-new-york/articleshow/112857040.cms,2024-08-28T06:33:19Z,"Prime Minister Narendra Modi is all set to address the India diaspora on September 22 at the 'Modi &amp; US' Progress Together' event in New York, with the event receiving a whopping 24,000 registrat… [+3172 chars]"
